{
  "results": [
    {
      "command": "langchain",
      "mean": 54.3722364636,
      "stddev": null,
      "median": 54.3722364636,
      "user": 340.18650686,
      "system": 4.37132082,
      "min": 54.3722364636,
      "max": 54.3722364636,
      "times": [
        54.3722364636
      ],
      "exit_codes": [
        0
      ]
    },
    {
      "command": "swiftide",
      "mean": 29.1426706296,
      "stddev": null,
      "median": 29.1426706296,
      "user": 377.51854685999996,
      "system": 2.16081382,
      "min": 29.1426706296,
      "max": 29.1426706296,
      "times": [
        29.1426706296
      ],
      "exit_codes": [
        0
      ]
    }
  ]
}
