{
  "results": [
    {
      "command": "langchain",
      "mean": 46.73149281336,
      "stddev": null,
      "median": 46.73149281336,
      "user": 363.83787051999997,
      "system": 7.01266434,
      "min": 46.73149281336,
      "max": 46.73149281336,
      "times": [
        46.73149281336
      ],
      "exit_codes": [
        0
      ]
    },
    {
      "command": "swiftide",
      "mean": 40.34582285436,
      "stddev": null,
      "median": 40.34582285436,
      "user": 369.10718751999997,
      "system": 2.54208034,
      "min": 40.34582285436,
      "max": 40.34582285436,
      "times": [
        40.34582285436
      ],
      "exit_codes": [
        0
      ]
    }
  ]
}
