{
  "results": [
    {
      "command": "langchain",
      "mean": 10.926699364540001,
      "stddev": null,
      "median": 10.926699364540001,
      "user": 43.05338586,
      "system": 3.75444766,
      "min": 10.926699364540001,
      "max": 10.926699364540001,
      "times": [
        10.926699364540001
      ],
      "exit_codes": [
        0
      ]
    },
    {
      "command": "swiftide",
      "mean": 5.50851153154,
      "stddev": null,
      "median": 5.50851153154,
      "user": 51.764059859999996,
      "system": 1.3852956600000002,
      "min": 5.50851153154,
      "max": 5.50851153154,
      "times": [
        5.50851153154
      ],
      "exit_codes": [
        0
      ]
    }
  ]
}
