{
  "results": [
    {
      "command": "langchain",
      "mean": 11.151247613699999,
      "stddev": 0.027550856409043135,
      "median": 11.1386028497,
      "user": 53.52589902666666,
      "system": 3.779177553333333,
      "min": 11.1322889327,
      "max": 11.182851058699999,
      "times": [
        11.182851058699999,
        11.1322889327,
        11.1386028497
      ],
      "exit_codes": [
        0,
        0,
        0
      ]
    },
    {
      "command": "swiftide",
      "mean": 6.7403351273666665,
      "stddev": 0.04149991962020307,
      "median": 6.7416579747,
      "user": 50.51034069333334,
      "system": 1.15043722,
      "min": 6.6981895997,
      "max": 6.7811578077000005,
      "times": [
        6.7416579747,
        6.6981895997,
        6.7811578077000005
      ],
      "exit_codes": [
        0,
        0,
        0
      ]
    }
  ]
}
