{
  "results": [
    {
      "command": "swiftide-after",
      "mean": 30.385292478426663,
      "stddev": 0.7952152640534811,
      "median": 30.59989707576,
      "user": 395.7866246933333,
      "system": 2.18049006,
      "min": 29.50479811676,
      "max": 31.05118224276,
      "times": [
        29.50479811676,
        30.59989707576,
        31.05118224276
      ],
      "exit_codes": [
        0,
        0,
        0
      ]
    },
    {
      "command": "swiftide-before",
      "mean": 41.29024753409333,
      "stddev": 0.1273506063454853,
      "median": 41.29498803376,
      "user": 497.6624306933333,
      "system": 2.2416157266666663,
      "min": 41.16059286776,
      "max": 41.41516170076,
      "times": [
        41.29498803376,
        41.41516170076,
        41.16059286776
      ],
      "exit_codes": [
        0,
        0,
        0
      ]
    }
  ]
}
